{
  "users": [
    {
      "name": "quoc1",
      "email": "quoc@gmail.com",
      "password": "$2a$10$uOlsCvgfgg9YQWCqWpfi5e8qUE8TmW9Tr/OklPowhP15vyX0pwNvK",
      "phone": "123456789",
      "region": "Ho Chi Minh",
      "birthday": "2020-09-01",
      "gender": "Male",
      "id": 1
    },
    {
      "email": "thao@gmail.com",
      "password": "$2a$10$dPMeqr1kEpSxC26QSPX9IOLEuMRgFqKCAcI0GNuWa1SjHdiYanQqe",
      "name": "thao",
      "phone": "123456789",
      "region": "Ha Noi",
      "birthday": "2020-09-24",
      "gender": "Female",
      "id": 2
    },
    {
      "email": "tit@gmail.com",
      "password": "$2a$10$vEarq36PdoSZFfY4y4kvROaa.oxKr5vJ8/URIS5Y1FtXsERrmvE.e",
      "name": "tit",
      "phone": "123456789",
      "region": "Da Nang",
      "birthday": "2020-09-25",
      "gender": "male",
      "id": 3
    },
    {
      "email": "cb@gmail.com",
      "password": "$2a$10$Oq2fNtJxUF6gwoSVw9vuO.2tK1pG0ZVayccquYCO7UildqrK3D9W2",
      "name": "cb",
      "phone": "123456",
      "region": "Ho Chi Minh",
      "birthday": "2020-09-10",
      "gender": "male",
      "id": 4
    },
    {
      "email": "aq@gmail.com",
      "password": "$2a$10$EIukCUECOf8HboGTQHUSs.fcme/YZt7bCMfTEGwf9VCQ9h4G0.1UG",
      "name": "aq",
      "phone": "123456",
      "region": "Ho Chi Minh",
      "birthday": "2020-09-09",
      "gender": "male",
      "id": 5
    },
    {
      "email": "ty@gmail.com",
      "password": "$2a$10$OwFpto6PfcfCmYWBjO59..7My7S.O0jFx5rj/OnsUMJec12bZUPiG",
      "name": "ty",
      "phone": "123456",
      "region": "Ho Chi Minh",
      "birthday": "2020-09-02",
      "gender": "Female",
      "id": 6
    },
    {
      "email": "bn@gmail.com",
      "password": "$2a$10$ClvToUM0nSPvandeK3ZW9uMFAliZZqg/xYucOrzUODTZvsey9SY4e",
      "name": "bn",
      "phone": "123456",
      "region": "Ha Noi",
      "birthday": "2020-09-11",
      "gender": "male",
      "id": 7
    },
    {
      "email": "gh@gmail.com",
      "password": "$2a$10$kgeVCOFYaYoihx0EHbLake1yXZVdWRSzzc2pyLyN1LntiX.3WqhHC",
      "name": "gh",
      "phone": "123456",
      "region": "Ho Chi Minh",
      "birthday": "2020-09-10",
      "gender": "Female",
      "id": 8
    },
    {
      "email": "ru@gmail.com",
      "password": "$2a$10$TTU3LU7PPEGqHvexZspuP.PYELAWsGZnrDd/Nc85OnGnhS2/qiBVu",
      "name": "ru",
      "phone": "123456",
      "region": "Ho Chi Minh",
      "birthday": "2020-09-02",
      "gender": "male",
      "id": 9
    },
    {
      "email": "admin@gmail.com",
      "password": "$2a$10$LGHZ436hC/6cfYDyBwznxeKQVD9TUhprS1pbnbzlCphYK1.qKA5Ee",
      "name": "admin",
      "phone": "123456789",
      "region": "Ho Chi Minh",
      "birthday": "2020-09-28",
      "gender": "Male",
      "id": 10
    }
  ],
  "slides": [
    {
      "id": 1,
      "image": "https://galaxycine.vn/media/2020/9/15/2_1600174573834.jpg"
    },
    {
      "id": 2,
      "image": "https://galaxycine.vn/media/2020/9/21/banner-2048x682_1600679436170.jpg"
    },
    {
      "id": 3,
      "image": "https://galaxycine.vn/media/2020/9/9/banner-2048x682_1599634539410.jpg"
    }
  ],

  "movies": [
    {
      "id": 1,
      "image": "https://galaxycine.vn/media/2020/9/15/11_1600175675192.jpg",
      "name": "Xứ sở phép thuật",
      "ratings": 5,
      "time": 97,
      "producer": "Rat Pack Filmproduktion",
      "type": "Phiêu Lưu, Gia Đình, Thần Thoại",
      "actor": "Christian Berkel, Butz Ulrich Buse Director",
      "releaseDate": "18/9/2020"
    },
    {
      "id": 2,
      "image": "https://galaxycine.vn/media/2020/9/15/11_1600175675192.jpg",
      "name": "Xứ sở phép thuật",
      "ratings": 5,
      "time": 97,
      "producer": "Rat Pack Filmproduktion",
      "type": "Phiêu Lưu, Gia Đình, Thần Thoại",
      "actor": "Christian Berkel, Butz Ulrich Buse Director",
      "releaseDate": "18/9/2020"
    },
    {
      "id": 3,
      "image": "https://galaxycine.vn/media/2020/9/15/11_1600175675192.jpg",
      "name": "Xứ sở phép thuật",
      "ratings": 5,
      "time": 97,
      "producer": "Rat Pack Filmproduktion",
      "type": "Phiêu Lưu, Gia Đình, Thần Thoại",
      "actor": "Christian Berkel, Butz Ulrich Buse Director",
      "releaseDate": "18/9/2020"
    },
    {
      "id": 4,
      "image": "https://galaxycine.vn/media/2020/9/15/11_1600175675192.jpg",
      "name": "Xứ sở phép thuật",
      "ratings": 5,
      "time": 97,
      "producer": "Rat Pack Filmproduktion",
      "type": "Phiêu Lưu, Gia Đình, Thần Thoại",
      "actor": "Christian Berkel, Butz Ulrich Buse Director",
      "releaseDate": "18/9/2020"
    },
    {
      "id": 5,
      "image": "https://galaxycine.vn/media/2020/9/15/11_1600175675192.jpg",
      "name": "Xứ sở phép thuật",
      "ratings": 5,
      "time": 97,
      "producer": "Rat Pack Filmproduktion",
      "type": "Phiêu Lưu, Gia Đình, Thần Thoại",
      "actor": "Christian Berkel, Butz Ulrich Buse Director",
      "releaseDate": "18/9/2020"
    }
  ],

  "blogs": [
    {
      "id": 1,
      "image": "https://www.galaxycine.vn/media/2020/9/28/450-james_1601263582784.jpg",
      "name": "Tom Cruise Sẽ Tham Gia Doctor Strange 2?",
      "content": "Nghe thú vị đấy chứ, không biết “người hùng chạy” sẽ đảm nhiệm vai trò như thế nào nếu tham gia vào vũ trụ điện ảnh Marvel nhỉ?"
    },
    {
      "id": 2,
      "image": "https://www.galaxycine.vn/media/2020/9/28/tindienanh450x300_1601262245555.png",
      "name": "Tom Cruise Sẽ Tham Gia Doctor Strange 2?",
      "content": "Nghe thú vị đấy chứ, không biết “người hùng chạy” sẽ đảm nhiệm vai trò như thế nào nếu tham gia vào vũ trụ điện ảnh Marvel nhỉ?"
    },
    {
      "id": 3,
      "image": "https://www.galaxycine.vn/media/2020/9/28/image_1601240213517.jpg",
      "name": "Tom Cruise Sẽ Tham Gia Doctor Strange 2?",
      "content": "Nghe thú vị đấy chứ, không biết “người hùng chạy” sẽ đảm nhiệm vai trò như thế nào nếu tham gia vào vũ trụ điện ảnh Marvel nhỉ?"
    },
    {
      "id": 4,
      "image": "https://www.galaxycine.vn/media/2020/9/25/robert-downey-jr-trying-to-revive-johnny-depps-career-with-this-film-001_1601018912431.jpg",
      "name": "Tom Cruise Sẽ Tham Gia Doctor Strange 2?",
      "content": "Nghe thú vị đấy chứ, không biết “người hùng chạy” sẽ đảm nhiệm vai trò như thế nào nếu tham gia vào vũ trụ điện ảnh Marvel nhỉ?"
    }
  ],

  "promotion": [
    {
      "id": 1,
      "image": "https://www.galaxycine.vn/media/2020/9/16/300x450_1600243476498.jpg",
      "name": "Đua Top Săn Vàng - Nhận Ưu Đãi Tiếp Sức Từ Galaxy Cinema",
      "content": "Cặp nhẫn Doji trị giá 20 TRIỆU VNĐ, Movie Voucher đủ xem tới hết năm và Combo đặc biệt chưa-từng-có-tại-Việt-Nam... Đó là những phần quà siêu giá trị sẽ dành cho các Stars chiến thắng cuộc chơi ĐUA TOP SĂN VÀNG - Top thành viên chi tiêu cao nhất, tích lũy được nhiều Stars nhất từ 01/07 tới 30/09."
    },
    {
      "id": 2,
      "image": "https://www.galaxycine.vn/media/2019/12/9/300x450_1575874237175.jpg",
      "name": "Đua Top Săn Vàng - Nhận Ưu Đãi Tiếp Sức Từ Galaxy Cinema",
      "content": "Cặp nhẫn Doji trị giá 20 TRIỆU VNĐ, Movie Voucher đủ xem tới hết năm và Combo đặc biệt chưa-từng-có-tại-Việt-Nam... Đó là những phần quà siêu giá trị sẽ dành cho các Stars chiến thắng cuộc chơi ĐUA TOP SĂN VÀNG - Top thành viên chi tiêu cao nhất, tích lũy được nhiều Stars nhất từ 01/07 tới 30/09."
    },
    {
      "id": 3,
      "image": "https://www.galaxycine.vn/media/2020/9/3/300x450_1599120288127.jpg",
      "name": "Đua Top Săn Vàng - Nhận Ưu Đãi Tiếp Sức Từ Galaxy Cinema",
      "content": "Cặp nhẫn Doji trị giá 20 TRIỆU VNĐ, Movie Voucher đủ xem tới hết năm và Combo đặc biệt chưa-từng-có-tại-Việt-Nam... Đó là những phần quà siêu giá trị sẽ dành cho các Stars chiến thắng cuộc chơi ĐUA TOP SĂN VÀNG - Top thành viên chi tiêu cao nhất, tích lũy được nhiều Stars nhất từ 01/07 tới 30/09."
    },
    {
      "id": 4,
      "image": "https://www.galaxycine.vn/media/2020/9/21/300x450_1600679166207.jpg",
      "name": "Đua Top Săn Vàng - Nhận Ưu Đãi Tiếp Sức Từ Galaxy Cinema",
      "content": "Cặp nhẫn Doji trị giá 20 TRIỆU VNĐ, Movie Voucher đủ xem tới hết năm và Combo đặc biệt chưa-từng-có-tại-Việt-Nam... Đó là những phần quà siêu giá trị sẽ dành cho các Stars chiến thắng cuộc chơi ĐUA TOP SĂN VÀNG - Top thành viên chi tiêu cao nhất, tích lũy được nhiều Stars nhất từ 01/07 tới 30/09."
    }
  ],
  "combo": [
    {
      "id": 1,
      "image": "https://www.galaxycine.vn/media/2020/5/19/combo-1_1589871759174.jpg",
      "name": "1 ly nước, 1 bắp",
      "price": 77000
    },
    {
      "id": 2,
      "image": "https://www.galaxycine.vn/media/2020/5/19/combo-2_1589871763789.jpg",
      "name": "2 ly nước, 1 bắp",
      "price": 97000
    }
  ],
  "cinemas": [
    {
      "id": 1,
      "name": "Galaxy 1",
      "session": [
        {
          "id": 1,
          "time": "10:00"
        },
        {
          "id": 2,
          "time": "11:00"
        },
        {
          "id": 3,
          "time": "12:00"
        }
      ]
    },
    {
      "id": 2,
      "name": "Galaxy 2",
      "session": [
        {
          "id": 1,
          "time": "10:00"
        },
        {
          "id": 2,
          "time": "11:00"
        },
        {
          "id": 3,
          "time": "12:00"
        }
      ]
    }
  ],
  "seats": [
    {
      "id": 1,
      "codeSeat": "A01",
      "price": 75000,
      "status": false
    },
    {
      "id": 2,
      "codeSeat": "A02",
      "price": 75000,
      "status": false
    },
    {
      "id": 3,
      "codeSeat": "A03",
      "price": 75000,
      "status": false
    },
    {
      "id": 4,
      "codeSeat": "A04",
      "price": 75000,
      "status": false
    },
    {
      "id": 5,
      "codeSeat": "A05",
      "price": 75000,
      "status": false
    },
    {
      "id": 6,
      "codeSeat": "A06",
      "price": 75000,
      "status": false
    },
    {
      "id": 7,
      "codeSeat": "A07",
      "price": 75000,
      "status": false
    },
    {
      "id": 8,
      "codeSeat": "A08",
      "price": 75000,
      "status": false
    },
    {
      "id": 9,
      "codeSeat": "A09",
      "price": 75000,
      "status": false
    },
    {
      "id": 10,
      "codeSeat": "A10",
      "price": 75000,
      "status": false
    },
    {
      "id": 11,
      "codeSeat": "A11",
      "price": 75000,
      "status": false
    },
    {
      "id": 12,
      "codeSeat": "A12",
      "price": 75000,
      "status": false
    },
    {
      "id": 13,
      "codeSeat": "A13",
      "price": 75000,
      "status": false
    },
    {
      "id": 14,
      "codeSeat": "A14",
      "price": 75000,
      "status": false
    },
    {
      "id": 15,
      "codeSeat": "A15",
      "price": 75000,
      "status": false
    },
    {
      "id": 16,
      "codeSeat": "A16",
      "price": 75000,
      "status": false
    },
    {
      "id": 17,
      "codeSeat": "A17",
      "price": 75000,
      "status": false
    },
    {
      "id": 18,
      "codeSeat": "A18",
      "price": 75000,
      "status": false
    },
    {
      "id": 19,
      "codeSeat": "A19",
      "price": 75000,
      "status": false
    },
    {
      "id": 20,
      "codeSeat": "A20",
      "price": 75000,
      "status": false
    }
  ],
  "payment": [
    {
      "id": 1,
      "name": "Visa"
    },
    {
      "id": 2,
      "name": "Cash"
    }
  ],
  "tickets": [
    {
      "id": 1,
      "email": "quoc27690@gmail.com",
      "movieImage": "https://galaxycine.vn/media/2020/9/15/11_1600175675192.jpg",
      "movieName": "Xứ sở phép thuật",
      "movieCinema": "Galaxy 1",
      "movieTime": "20:00",
      "timeSet": "2019-08-05",
      "count": 1,
      "combo": ["1 ly nước, 1 bắp"],
      "seats": ["A01"],
      "total": 100000,
      "payment": "Visa"
    },
    {
      "id": 2,
      "email": "quoc27690@gmail.com",
      "movieImage": "https://galaxycine.vn/media/2020/9/15/11_1600175675192.jpg",
      "movieName": "Xứ sở phép thuật",
      "movieCinema": "Galaxy 1",
      "movieTime": "20:00",
      "timeSet": "2019-08-05",
      "count": 1,
      "combo": ["1 ly nước, 1 bắp"],
      "seats": ["A01"],
      "total": 100000,
      "payment": "Visa"
    }
  ]
}
